{
  "preload": {
    "background_file_name": "prologue_cg.png",
  },
  "first": {
    "type": "text",
    "name": "???",
    "content": "|.|.|.",
    "next": "0"
  },
  "0": {
    "type": "text",
    "name": "???",
    "content": "The end||—have you internalized it?",
    "next": "1"
  },
  "1": {
    "type": "text",
    "name": "???",
    "content": "Have you felt the fear run through you?",
    "next": "2"
  },
  "2": {
    "type": "text",
    "name": "???",
    "content": "There's nothing beyond||—not time nor space.",
    "next": "3"
  },
  "3": {
    "type": "text",
    "name": "???",
    "content": "And there's no escape.",
    "next": "4"
  },
  "4": {
    "type": "text",
    "name": "???",
    "content": "It's a terrifying void that strips you of all that gives you meaning.",
    "next": "5"
  },
  "5": {
    "type": "text",
    "name": "???",
    "content": "You'll cease to exist.",
    "next": "6"
  },
  "6": {
    "type": "text",
    "name": "???",
    "content": "But.|.|.| death is just a human construct.|.|.|",
    "next": "7"
  },
  "7": {
    "type": "text",
    "name": "???",
    "content": "|.|.|.",
  },
}
