{
    "id": 1,
    "title": "Hi!!",
    "sender_name": "Lucile Clarke",
    "sender_alias": "lucilec@",
    "received_datetime": "Sep  6 15:48",
    "received_time": "1989-09-06T15:48:00",
    "body": "Hi PLAYER_NAME!

It was good catching up at the graduate student orientation! I still can’t believe we were accepted into the same program in the computer science department!!

I see you have your NetMail client setup as well! Have you tried any of the computer’s other features? You’ve got to check out the Jukebox! It’s like your very own radio station!

By the way, what kind of music do you enjoy? Here is a sample of what I've been listening to on loop recently!

Your friend,
Lucile Clarke!!",
    "attachment": "song_name_FIXME",
    "read": false,
}
