{
    "id": 2,
    "title": "THE HOMEBREW CLUB WELCOMES YOU",
    "sender_name": "Kat Johnson",
    "sender_alias": "kjohnson@",
    "received_datetime": "Sep  8 20:13",
    "received_time": "1989-09-08T20:13:00",
    "body": "YO. I'm glad you signed up during the involvement fair. You saved me the trouble of forging NetMail addresses on the sign up sheet to pretend that this club has a future.

Nah, I’m only kidding. We’re plenty popular as it is. Like I said during the fair, we're a hobbyist programming club. On top of that, we like to help our members get their hands on whatever kind of software they may need, if you know what I mean. We have everything from warez to the best games this world has to offer.

You said you received your Pasokon Plus already. I'll get you started with a little something. This here is a handy little BBS client. Boot it up and give it a shot.

I’d recommend the BBS called Liveware Problem. You can find it at _____ FIXME.

Kat Johnson
President
Test
Asprey College’s Homebrew Club
    ",
    "attachment": "discnet_client",
    "read": false,
}
